Time (usec),Events Raised,Messages Generated,Messages Delivered,Average Delivery Time (usec),Frames Transmitted,Frames Received,Bytes Received (Physical),Bytes Received (Application),Efficiency (AL/PL)
10000000,5,2,2,2509207,4,3,148,100,0.6756756756756757
20000000,8,3,3,2509207,6,5,230,150,0.6521739130434783
30000000,13,4,4,2509207,10,8,378,200,0.5291005291005291
40000000,16,4,4,2509207,12,10,460,200,0.43478260869565216
50000000,20,6,5,2509207,15,12,542,250,0.4612546125461255
60000000,24,7,6,3763794,18,14,624,300,0.4807692307692308
70000000,28,8,8,3450147,21,17,772,400,0.5181347150259067
80000000,33,10,9,3345598,24,20,870,450,0.5172413793103449
90000000,39,12,11,3193527,28,24,1034,550,0.5319148936170213
100000000,43,13,13,3088247,31,27,1182,650,0.5499153976311336
110000000,48,15,14,3046887,34,30,1280,700,0.546875
120000000,53,16,16,2979677,37,34,1444,800,0.554016620498615
130000000,58,18,18,2927402,41,37,1592,900,0.5653266331658291
140000000,63,20,19,2905392,44,40,1690,950,0.5621301775147929
150000000,68,21,21,2867660,47,44,1854,1050,0.5663430420711975
160000000,73,23,23,2836490,51,47,2002,1150,0.5744255744255744
170000000,78,25,24,2822853,54,50,2100,1200,0.5714285714285714
180000000,83,26,26,2798727,57,54,2264,1300,0.5742049469964664
190000000,88,28,28,2778047,61,57,2412,1400,0.5804311774461028
200000000,93,30,29,2768776,64,60,2510,1450,0.5776892430278885
210000000,95,30,30,3011041,66,61,2576,1500,0.5822981366459627
220000000,99,31,30,3011041,69,63,2658,1500,0.5643340857787811
230000000,103,32,32,2979677,72,66,2806,1600,0.5702066999287242
240000000,109,34,34,2952002,76,70,2970,1700,0.5723905723905723
250000000,114,36,35,2939351,79,73,3068,1750,0.5704041720990873
260000000,116,36,36,3136500,81,74,3134,1800,0.574345883854499
270000000,119,36,36,3136500,83,76,3216,1800,0.5597014925373134
280000000,124,38,38,3103485,87,79,3364,1900,0.5648038049940547
290000000,129,40,39,3088247,90,82,3462,1950,0.5632582322357019
300000000,135,42,41,3060001,94,86,3626,2050,0.5653612796469939
310000000,139,43,43,3034382,97,89,3774,2150,0.5696873343932167
320000000,144,45,44,3022447,100,92,3872,2200,0.5681818181818182
330000000,146,45,45,3178320,102,93,3938,2250,0.5713560182833926
340000000,152,47,47,3149847,106,97,4102,2350,0.5728912725499756
350000000,157,49,48,3136500,109,100,4200,2400,0.5714285714285714
360000000,160,50,49,3123698,111,102,4282,2450,0.572162540868753
370000000,162,50,50,3261959,113,103,4348,2500,0.5749770009199632
380000000,167,51,51,3247199,117,106,4496,2550,0.5671708185053381
390000000,172,53,52,3233007,120,109,4594,2600,0.5659555942533739
400000000,177,54,54,3206199,123,113,4758,2700,0.5674653215636822
410000000,182,56,56,3181307,127,116,4906,2800,0.5707297187117815
420000000,187,58,57,3169515,130,119,5004,2850,0.5695443645083933
430000000,191,59,59,3147132,133,122,5152,2950,0.5725931677018633
440000000,197,61,61,3126217,137,126,5316,3050,0.5737396538750941
450000000,200,62,62,3116265,139,128,5398,3100,0.574286772878844
460000000,205,63,63,3106629,143,131,5546,3150,0.567976920302921
470000000,210,65,64,3097294,146,134,5644,3200,0.5669737774627923
480000000,213,66,65,3088247,148,136,5726,3250,0.5675864477820468
490000000,217,67,66,3193527,151,138,5808,3300,0.5681818181818182
500000000,222,68,68,3173400,154,142,5972,3400,0.5693235097119893
510000000,226,70,69,3163774,157,144,6054,3450,0.5698711595639246
520000000,229,70,70,3261959,159,146,6136,3500,0.5704041720990873
530000000,234,72,72,3241049,163,149,6284,3600,0.5728835136855506
540000000,237,73,73,3231024,165,151,6366,3650,0.5733584668551681
550000000,242,74,74,3221269,169,154,6514,3700,0.5680073687442432
560000000,247,76,75,3211775,172,157,6612,3750,0.5671506352087115
570000000,250,76,76,3202531,175,159,6744,3800,0.5634638196915777
580000000,254,77,76,3202531,178,161,6826,3800,0.5566949897450922
590000000,258,78,78,3184753,181,164,6974,3900,0.5592199598508747
600000000,264,80,80,3167865,185,168,7138,4000,0.5603810591202018
610000000,269,82,81,3159733,188,171,7236,4050,0.5597014925373134
620000000,273,83,83,3144058,191,174,7384,4150,0.5620260021668473
630000000,279,85,85,3129120,195,178,7548,4250,0.5630630630630631
640000000,284,87,86,3121912,198,181,7646,4300,0.5623855610776877
650000000,288,88,88,3107987,201,184,7794,4400,0.5645368231973312
660000000,293,90,89,3101259,204,187,7892,4450,0.56386213887481
670000000,296,90,90,3178320,206,189,7974,4500,0.5643340857787811
680000000,301,92,92,3163774,210,192,8122,4600,0.5663629647869983
690000000,306,94,93,3156735,213,195,8220,4650,0.5656934306569343
700000000,311,95,95,3143103,216,199,8384,4750,0.5665553435114504
710000000,314,96,96,3136500,219,200,8450,4800,0.5680473372781065
720000000,319,97,97,3130033,222,204,8614,4850,0.5630369166473184
730000000,324,99,99,3117491,226,207,8762,4950,0.5649395115270486
740000000,329,101,100,3111408,229,210,8860,5000,0.5643340857787811
750000000,332,102,101,3105446,231,212,8942,5050,0.5647506150749273
760000000,334,102,101,3105446,233,212,8942,5050,0.5647506150749273
770000000,338,103,103,3240034,236,215,9090,5150,0.5665566556655666
780000000,343,105,104,3233007,239,218,9188,5200,0.5659555942533739
790000000,346,105,105,3297804,241,220,9270,5250,0.5663430420711975
800000000,349,106,106,3290364,244,221,9336,5300,0.5676949443016281
810000000,354,107,107,3283064,247,225,9500,5350,0.5631578947368421
820000000,357,108,108,3275899,250,226,9566,5400,0.5644992682416893
830000000,361,109,109,3268865,253,229,9714,5450,0.5610459131150917
840000000,366,110,110,3261959,257,232,9862,5500,0.5576962076657879
850000000,371,112,111,3255177,260,235,9960,5550,0.5572289156626506
860000000,373,112,112,3315727,262,236,10026,5600,0.5585477757829643
870000000,378,114,113,3308589,265,239,10124,5650,0.5580798103516397
880000000,382,115,115,3294687,268,242,10272,5750,0.5597741433021807
890000000,388,117,117,3281260,272,246,10436,5850,0.5605596013798391
900000000,393,119,118,3274717,275,249,10534,5900,0.560091133472565
910000000,395,119,119,3331541,277,250,10600,5950,0.5613207547169812
920000000,398,119,119,3331541,279,252,10682,5950,0.5570117955439057
930000000,403,121,121,3317949,283,255,10830,6050,0.5586334256694367
940000000,408,123,122,3311320,286,258,10928,6100,0.558199121522694
950000000,410,123,123,3365998,288,259,10994,6150,0.559396034200473
960000000,415,125,124,3359088,291,262,11092,6200,0.5589614136314461
970000000,417,125,125,3412509,293,263,11158,6250,0.5601362251299516
980000000,421,126,126,3405340,296,265,11240,6300,0.5604982206405694
990000000,426,127,127,3398284,299,269,11404,6350,0.55682216766047
1000000000,428,128,127,3398284,301,269,11404,6350,0.55682216766047
1010000000,433,129,129,3442853,304,273,11568,6450,0.5575726141078838
1020000000,436,130,130,3435671,307,274,11634,6500,0.5587072374075984
1030000000,439,130,130,3435671,310,276,11766,6500,0.5524392316845147
1040000000,444,132,131,3428599,313,279,11864,6550,0.5520903573836817
1050000000,447,133,132,3421633,315,281,11946,6600,0.5524861878453039
1060000000,452,134,134,3464191,319,284,12094,6700,0.5539937158921779
1070000000,457,136,135,3457117,322,287,12192,6750,0.5536417322834646
1080000000,461,137,137,3443279,325,290,12340,6850,0.5551053484602917
1090000000,464,138,137,3443279,327,291,12356,6850,0.5543865328585302
1100000000,469,139,139,3483994,330,295,12520,6950,0.555111821086262
1110000000,474,141,141,3470167,334,298,12668,7050,0.556520366277234
1120000000,479,143,142,3463399,337,301,12766,7100,0.5561648127839574
1130000000,484,144,144,3450147,340,305,12930,7200,0.5568445475638051
1140000000,489,146,146,3437257,344,308,13078,7300,0.5581893255849518
1150000000,494,148,147,3430944,347,311,13176,7350,0.557832422586521
1160000000,497,149,148,3424716,349,313,13258,7400,0.5581535676572635
1170000000,501,150,149,3469092,352,315,13340,7450,0.5584707646176912
1180000000,503,150,150,3512876,354,316,13406,7500,0.5594509920930927
1190000000,506,151,150,3512876,356,317,13422,7500,0.5587840858292356
1200000000,511,152,152,3549193,359,321,13586,7600,0.5593993817164729
1210000000,516,154,154,3535687,363,324,13734,7700,0.5606523955147809
1220000000,521,156,155,3529064,366,327,13832,7750,0.560294968189705
1230000000,523,156,156,3570780,368,328,13898,7800,0.5612318319182616
1240000000,528,158,157,3564019,371,331,13996,7850,0.5608745355815947
1250000000,534,160,159,3550750,375,335,14160,7950,0.5614406779661016
1260000000,538,161,161,3537812,378,338,14308,8050,0.5626223091976517
1270000000,542,162,162,3531463,381,340,14390,8100,0.5628908964558721
1280000000,547,163,163,3525191,384,344,14554,8150,0.5599835096880582
1290000000,550,164,164,3518996,387,345,14620,8200,0.560875512995896
1300000000,555,165,165,3512876,390,349,14784,8250,0.5580357142857143
1310000000,559,167,166,3506830,393,351,14866,8300,0.5583210009417463
1320000000,562,167,167,3545931,395,353,14948,8350,0.5586031576130586
1330000000,567,169,169,3533662,399,356,15096,8450,0.5597509273979863
1340000000,570,170,169,3533662,401,357,15112,8450,0.5591582848067761
1350000000,573,171,170,3571915,403,359,15194,8500,0.5594313544820324
1360000000,577,172,171,3609721,406,361,15276,8550,0.5597014925373134
1370000000,581,173,173,3596999,409,364,15424,8650,0.5608143153526971
1380000000,587,175,175,3584567,413,368,15588,8750,0.5613292276109828
1390000000,592,177,176,3578457,416,371,15686,8800,0.5610098176718092
1400000000,596,178,178,3566443,419,374,15834,8900,0.5620815965643552
1410000000,600,179,178,3566443,422,376,15916,8900,0.5591857250565468
1420000000,604,180,180,3554696,425,379,16064,9000,0.5602589641434262
1430000000,608,181,180,3554696,428,381,16146,9000,0.5574136008918618
1440000000,611,182,181,3548919,430,383,16228,9050,0.5576780872565935
1450000000,614,182,182,3584567,433,384,16294,9100,0.558487786915429
1460000000,618,183,183,3578691,436,387,16442,9150,0.5565016421359932
1470000000,624,185,185,3567129,440,391,16606,9250,0.5570275803926291
1480000000,629,187,186,3561441,443,394,16704,9300,0.5567528735632183
1490000000,634,188,188,3550247,446,398,16868,9400,0.5572682001422813
1500000000,639,190,190,3539288,450,401,17016,9500,0.5582980724024448
1510000000,642,190,190,3539288,452,403,17098,9500,0.5556205404140835
1520000000,645,191,191,3533895,455,404,17164,9550,0.5563971102307155
1530000000,650,192,192,3528558,458,408,17328,9600,0.554016620498615
1540000000,655,194,194,3518050,462,411,17476,9700,0.5550469214923324
1550000000,660,196,195,3512876,465,414,17574,9750,0.5547968589962444
1560000000,665,197,197,3502687,468,418,17738,9850,0.5553049949261473
1570000000,668,198,198,3497669,471,419,17804,9900,0.5560548191417659
1580000000,671,199,198,3497669,473,421,17886,9900,0.5535055350553506
1590000000,676,200,200,3525422,477,424,18034,10000,0.5545081512698237
1600000000,681,202,201,3520366,480,427,18132,10050,0.5542686962276638
1610000000,684,203,202,3515360,482,429,18214,10100,0.5545185022510157
1620000000,688,204,203,3547485,485,431,18296,10150,0.554766069086139
1630000000,691,204,204,3542396,488,433,18428,10200,0.5535055350553506
1640000000,696,206,205,3537356,491,436,18526,10250,0.5532764763035734
1650000000,700,207,207,3527422,494,439,18674,10350,0.5542465459997858
1660000000,704,208,207,3527422,497,441,18756,10350,0.5518234165067178
1670000000,707,209,208,3522527,499,443,18838,10400,0.5520755918887356
1680000000,710,209,209,3553695,502,444,18904,10450,0.5527930596699111
1690000000,714,210,210,3548721,505,447,19052,10500,0.5511232416544195
1700000000,719,212,211,3543795,508,450,19150,10550,0.5509138381201044
1710000000,722,212,212,3538915,511,452,19282,10600,0.5497355046157038
1720000000,726,213,212,3538915,514,454,19364,10600,0.5474075604214005
1730000000,731,214,214,3529291,517,458,19528,10700,0.5479311757476444
1740000000,733,215,214,3529291,519,458,19528,10700,0.5479311757476444
1750000000,735,215,215,3594570,521,459,19594,10750,0.5486373379606002
1760000000,740,217,216,3589545,524,462,19692,10800,0.5484460694698354
1770000000,742,217,217,3619256,526,463,19758,10850,0.5491446502682458
1780000000,748,219,219,3609118,530,467,19922,10950,0.5496436100793093
1790000000,753,221,220,3604119,533,470,20020,11000,0.5494505494505495
1800000000,757,222,222,3594255,536,473,20168,11100,0.5503768345894486
1810000000,763,224,224,3584567,540,477,20332,11200,0.5508557938225458
1820000000,765,225,224,3584567,541,478,20348,11200,0.5504226459602909
1830000000,770,226,226,3608358,545,481,20496,11300,0.5513270882123341
1840000000,773,227,227,3603516,547,483,20578,11350,0.551559918359413
1850000000,777,228,227,3603516,550,485,20660,11350,0.5493707647628268
1860000000,778,228,227,3603516,551,485,20660,11350,0.5493707647628268
1870000000,783,229,229,3659701,555,488,20808,11450,0.5502691272587467
1880000000,785,230,229,3659701,556,489,20824,11450,0.5498463311563581
1890000000,790,231,231,3682327,560,492,20972,11550,0.5507343124165555
1900000000,792,232,231,3682327,561,493,20988,11550,0.550314465408805
1910000000,797,233,233,3704564,565,496,21136,11650,0.5511922785768357
1920000000,802,235,234,3699456,568,499,21234,11700,0.5510031082226617
1930000000,806,236,236,3689369,571,502,21382,11800,0.5518660555607521
1940000000,810,237,236,3689369,574,504,21464,11800,0.549757733879985
1950000000,813,237,237,3684389,577,506,21596,11850,0.5487127245786256
1960000000,817,238,237,3684389,580,508,21678,11850,0.546637143647938
1970000000,819,238,238,3679452,582,509,21744,11900,0.5472774098601914
1980000000,820,238,238,3679452,583,509,21744,11900,0.5472774098601914
1990000000,824,239,238,3679452,586,511,21826,11900,0.5452212957023733
2000000000,829,240,240,3669699,589,515,21990,12000,0.5457025920873124
2010000000,833,242,241,3664884,592,517,22072,12050,0.5459405581732512
2020000000,834,242,241,3664884,593,517,22072,12050,0.5459405581732512
2030000000,838,243,242,3722320,596,519,22154,12100,0.5461767626613704
2040000000,841,243,243,3717327,599,521,22286,12150,0.5451853181369469
2050000000,846,245,244,3712376,602,524,22384,12200,0.5450321658327377
2060000000,852,247,246,3702594,606,528,22548,12300,0.545502927088877
2070000000,856,248,248,3692970,609,531,22696,12400,0.5463517800493479
2080000000,861,250,249,3688216,612,534,22794,12450,0.5461963674651223
2090000000,863,250,250,3713610,614,535,22860,12500,0.5468066491688539
2100000000,868,252,251,3708812,617,538,22958,12550,0.5466504050875511
2110000000,870,252,252,3733922,619,539,23024,12600,0.5472550382209868
2120000000,874,253,252,3733922,622,541,23106,12600,0.5453129057387691
2130000000,880,255,254,3724279,626,545,23270,12700,0.5457670820799312
2140000000,884,256,256,3714786,629,548,23418,12800,0.5465880946280639
2150000000,889,258,257,3710095,632,551,23516,12850,0.5464364687872088
2160000000,895,260,259,3700822,636,555,23680,12950,0.546875
2170000000,899,261,261,3691691,639,558,23828,13050,0.5476750041967433
2180000000,903,262,262,3687178,642,560,23910,13100,0.54788791300711
2190000000,905,262,262,3687178,644,561,23976,13100,0.5463797130463797
2200000000,910,264,263,3682699,647,564,24074,13150,0.5462324499459998
2210000000,915,265,265,3673842,650,568,24238,13250,0.5466622658635201
2220000000,917,266,265,3673842,652,568,24238,13250,0.5466622658635201
2230000000,922,267,267,3693311,655,572,24402,13350,0.5470863044012786
2240000000,927,269,269,3684507,659,575,24550,13450,0.5478615071283096
2250000000,932,271,270,3680154,662,578,24648,13500,0.547711781888997
2260000000,936,272,272,3671544,665,581,24796,13600,0.5484755605742861
2270000000,939,273,272,3671544,667,582,24812,13600,0.5481218765113655
2280000000,944,274,274,3690533,670,586,24976,13700,0.5485265855221012
2290000000,949,276,276,3681973,674,589,25124,13800,0.5492755930584302
2300000000,954,278,277,3677739,677,592,25222,13850,0.5491237808262628
2310000000,959,279,279,3669362,680,596,25386,13950,0.549515480973765
2320000000,964,281,281,3661105,684,599,25534,14050,0.5502467298503956
2330000000,965,281,281,3661105,685,599,25534,14050,0.5502467298503956
2340000000,970,282,282,3657020,689,602,25682,14100,0.5490226617864652
2350000000,975,284,283,3652964,692,605,25780,14150,0.5488750969743987
2360000000,979,285,285,3644938,695,608,25928,14250,0.5495988892317186
2370000000,984,287,286,3640967,698,611,26026,14300,0.5494505494505495
2380000000,990,289,288,3633107,702,615,26190,14400,0.5498281786941581
2390000000,993,289,289,3629218,705,617,26322,14450,0.5489704429754578
2400000000,998,291,290,3625356,708,620,26420,14500,0.5488266464799394
2410000000,1002,292,292,3617711,711,623,26568,14600,0.5495332731105089
2420000000,1003,292,292,3617711,712,623,26568,14600,0.5495332731105089
2430000000,1008,293,293,3613928,716,626,26716,14650,0.5483605330139243
2440000000,1013,295,294,3610171,719,629,26814,14700,0.5482210785410606
2450000000,1018,296,296,3602732,722,633,26978,14800,0.5485951516050115
2460000000,1020,297,296,3602732,724,633,26978,14800,0.5485951516050115
2470000000,1026,299,298,3620653,728,637,27142,14900,0.548964704148552
2480000000,1030,300,300,3613243,731,640,27290,15000,0.5496518871381458
2490000000,1035,302,301,3609575,734,643,27388,15050,0.5495107346283044
2500000000,1041,304,303,3602312,738,647,27552,15150,0.5498693379790941
2510000000,1045,305,305,3595144,741,650,27700,15250,0.5505415162454874
2520000000,1050,307,306,3591595,744,653,27798,15300,0.5503993093028275
2530000000,1056,309,308,3584567,748,657,27962,15400,0.5507474429583006
2540000000,1060,310,310,3577629,751,660,28110,15500,0.551405193881181
2550000000,1065,312,311,3574194,754,663,28208,15550,0.5512620533182075
2560000000,1070,313,313,3567389,757,667,28372,15650,0.5516001691808826
2570000000,1075,315,315,3560670,761,670,28520,15750,0.5522440392706872
2580000000,1079,316,316,3557342,764,672,28602,15800,0.5524089224529753
2590000000,1083,317,317,3554036,767,675,28750,15850,0.551304347826087
2600000000,1087,318,317,3554036,770,677,28832,15850,0.5497364039955605
2610000000,1092,319,319,3547485,773,681,28996,15950,0.5500758725341427
2620000000,1097,321,321,3541016,777,684,29144,16050,0.5507136975020588
2630000000,1102,323,322,3537812,780,687,29242,16100,0.5505779358457014
2640000000,1104,323,323,3557932,782,688,29308,16150,0.5510440835266821
2650000000,1109,325,324,3554696,785,691,29406,16200,0.5509079779636809
2660000000,1114,326,326,3548282,788,695,29570,16300,0.551234359147785
2670000000,1119,328,328,3541946,792,698,29718,16400,0.5518540951611818
2680000000,1124,330,329,3538807,795,701,29816,16450,0.5517171988194258
2690000000,1129,331,331,3532586,798,705,29980,16550,0.5520346897931955
2700000000,1132,332,332,3529503,801,706,30046,16600,0.5524861878453039
2710000000,1135,332,332,3529503,804,708,30178,16600,0.5500695871164425
2720000000,1140,334,333,3526439,807,711,30276,16650,0.5499405469678954
2730000000,1146,336,335,3520366,811,715,30440,16750,0.5502628120893561
2740000000,1148,336,336,3539760,813,716,30506,16800,0.5507113354749885
2750000000,1153,338,337,3536702,816,719,30604,16850,0.5505816233172134
2760000000,1155,338,338,3555933,818,720,30670,16900,0.5510270622758395
2770000000,1160,340,339,3552845,821,723,30768,16950,0.5508970358814352
2780000000,1164,341,341,3546724,824,726,30916,17050,0.5514943718462931
2790000000,1170,343,343,3540675,828,730,31080,17150,0.5518018018018018
2800000000,1175,345,344,3537676,831,733,31178,17200,0.5516710500994291
2810000000,1179,346,346,3531731,834,736,31326,17300,0.5522569111919811
2820000000,1184,348,347,3528784,837,739,31424,17350,0.5521257637474541
2830000000,1190,350,349,3522942,841,743,31588,17450,0.5524249715081676
2840000000,1194,351,351,3517165,844,746,31736,17550,0.5529997479203428
2850000000,1198,352,352,3514302,847,748,31818,17600,0.5531460179772456
2860000000,1202,353,353,3511454,850,751,31966,17650,0.552149158480886
2870000000,1208,355,355,3505808,854,755,32130,17750,0.552443199502023
2880000000,1210,356,355,3505808,855,756,32146,17750,0.5521682324394948
2890000000,1215,357,357,3521310,859,759,32294,17850,0.5527342540409983
2900000000,1220,359,358,3518483,862,762,32392,17900,0.5526055816250927
2910000000,1223,360,359,3515672,864,764,32474,17950,0.5527498922214695
2920000000,1227,361,360,3533786,867,766,32556,18000,0.5528934758569849
2930000000,1229,361,361,3551800,869,767,32622,18050,0.5533075838391269
2940000000,1232,362,361,3551800,871,768,32638,18050,0.5530363380109076
2950000000,1236,363,363,3566792,874,771,32786,18150,0.5535899469285671
2960000000,1239,364,363,3566792,876,772,32802,18150,0.5533199195171026
2970000000,1244,365,365,3581621,879,776,32966,18250,0.5536006794879573
2980000000,1249,367,367,3575776,883,779,33114,18350,0.5541462825391074
2990000000,1250,367,367,3575776,884,779,33114,18350,0.5541462825391074
3000000000,1254,368,367,3575776,887,781,33196,18350,0.5527774430654295
3010000000,1257,369,368,3572878,889,783,33278,18400,0.5529178436204099
3020000000,1261,370,369,3590395,892,785,33360,18450,0.5530575539568345
3030000000,1264,370,370,3607818,894,787,33442,18500,0.5531965791519646
3040000000,1269,372,372,3601911,898,790,33590,18600,0.5537362310211372
3050000000,1271,373,372,3601911,899,791,33606,18600,0.5534725941796108
3060000000,1276,374,374,3616195,903,794,33754,18700,0.5540084138176217
3070000000,1279,374,374,3616195,905,796,33836,18700,0.552665799739922
3080000000,1284,376,376,3610307,909,799,33984,18800,0.553201506591337
3090000000,1288,377,376,3610307,912,801,34066,18800,0.5518698996066459
3100000000,1292,378,378,3604481,915,804,34214,18900,0.5524054480621967
3110000000,1298,380,380,3598716,919,808,34378,19000,0.5526790389202397
3120000000,1301,381,381,3595857,921,810,34460,19050,0.552814857806152
3130000000,1305,382,381,3595857,924,812,34542,19050,0.5515025186729199
3140000000,1308,382,382,3612718,926,814,34624,19100,0.5516404805914972
3150000000,1312,384,383,3609836,929,816,34706,19150,0.5517777905837608
3160000000,1316,385,384,3626573,932,818,34788,19200,0.5519144532597448
3170000000,1320,386,386,3620784,935,821,34936,19300,0.5524387451339592
3180000000,1325,388,387,3617911,938,824,35034,19350,0.5523206028429526
3190000000,1331,390,389,3612211,942,828,35198,19450,0.5525882152395022
3200000000,1335,391,391,3606569,945,831,35346,19550,0.5531036043682453
3210000000,1340,393,392,3603770,948,834,35444,19600,0.5529849904074032
3220000000,1346,395,394,3598213,952,838,35608,19700,0.5532464614693328
3230000000,1350,396,396,3592713,955,841,35756,19800,0.5537532162434277
3240000000,1355,398,397,3589984,958,844,35854,19850,0.5536341830758075
3250000000,1359,399,399,3584567,961,847,36002,19950,0.5541358813399255
3260000000,1363,400,399,3584567,964,849,36084,19950,0.55287662121716
3270000000,1365,400,400,3600697,966,850,36150,20000,0.5532503457814661
3280000000,1370,402,401,3597975,969,853,36248,20050,0.5531339660119179
3290000000,1376,404,403,3592572,973,857,36412,20150,0.5533889926397891
3300000000,1380,405,405,3587222,976,860,36560,20250,0.5538840262582057
3310000000,1383,406,405,3587222,978,861,36576,20250,0.5536417322834646
3320000000,1387,407,407,3600420,981,864,36724,20350,0.5541335366517809
3330000000,1391,408,407,3600420,984,866,36806,20350,0.552898983861327
3340000000,1396,409,409,3595084,987,870,36970,20450,0.5531512036786583
3350000000,1401,411,411,3589800,991,873,37118,20550,0.5536397435206638
3360000000,1406,413,412,3587177,994,876,37216,20600,0.5535253654342218
3370000000,1411,414,414,3581969,997,880,37380,20700,0.5537720706260032
3380000000,1416,416,416,3576812,1001,883,37528,20800,0.5542528245576636
3390000000,1417,416,416,3576812,1002,883,37528,20800,0.5542528245576636
3400000000,1421,417,416,3576812,1005,885,37610,20800,0.553044403084286
3410000000,1427,419,418,3571704,1009,889,37774,20900,0.553290623179965
3420000000,1431,420,420,3566644,1012,892,37922,21000,0.55376826116766
3430000000,1436,422,421,3564132,1015,895,38020,21050,0.5536559705418201
3440000000,1441,423,423,3559145,1018,899,38184,21150,0.5538969201759899
3450000000,1446,425,425,3554204,1022,902,38332,21250,0.5543671084211624
3460000000,1451,427,426,3551751,1025,905,38430,21300,0.5542544886807181
3470000000,1457,429,428,3546879,1029,909,38594,21400,0.5544903352852775
3480000000,1461,430,430,3542053,1032,912,38742,21500,0.5549532806773011
3490000000,1466,432,431,3539656,1035,915,38840,21550,0.5548403707518023
3500000000,1471,433,433,3534897,1038,919,39004,21650,0.5550712747410522
3510000000,1476,435,435,3530181,1042,922,39152,21750,0.5555271761340417
3520000000,1481,437,436,3527839,1045,925,39250,21800,0.5554140127388535
3530000000,1486,438,438,3523188,1048,929,39414,21900,0.5556401278733445
3540000000,1490,440,439,3520878,1051,931,39496,21950,0.5557524812639255
3550000000,1493,440,440,3535687,1053,933,39578,22000,0.5558643690939411
3560000000,1498,442,442,3531042,1057,936,39726,22100,0.5563107284901576
3570000000,1503,444,443,3528735,1060,939,39824,22150,0.5561972679791081
3580000000,1508,445,445,3524153,1063,943,39988,22250,0.5564169250775233
3590000000,1513,447,447,3519612,1067,946,40136,22350,0.5568566872633047
3600000000,1516,447,447,3519612,1069,948,40218,22350,0.555721318812472
3610000000,1521,449,449,3515111,1073,951,40366,22450,0.5561611256998464
3620000000,1526,451,450,3512876,1076,954,40464,22500,0.556049822064057
3630000000,1532,453,452,3508435,1080,958,40628,22600,0.5562666141577237
3640000000,1535,454,453,3506229,1082,960,40710,22650,0.5563743551952837
3650000000,1539,455,454,3520614,1085,962,40792,22700,0.5564816630711904
3660000000,1543,456,456,3516178,1088,965,40940,22800,0.5569125549584758
3670000000,1548,458,457,3513974,1091,968,41038,22850,0.5568010136946245
3680000000,1552,459,459,3509596,1094,971,41186,22950,0.5572281843344826
3690000000,1556,460,459,3509596,1097,973,41268,22950,0.5561209653969177
3700000000,1559,460,460,3523786,1099,975,41350,23000,0.5562273276904474
3710000000,1564,462,462,3519393,1103,978,41498,23100,0.5566533326907321
3720000000,1568,463,462,3519393,1106,980,41580,23100,0.5555555555555556
3730000000,1572,464,464,3515039,1109,983,41728,23200,0.5559815950920245
3740000000,1577,466,465,3512876,1112,986,41826,23250,0.5558743365370822
3750000000,1580,466,466,3510722,1115,988,41958,23300,0.5553172219838887
3760000000,1583,467,466,3510722,1117,989,41974,23300,0.5551055415257063
3770000000,1586,467,467,3524697,1120,991,42106,23350,0.5545527953260818
3780000000,1589,468,467,3524697,1122,992,42122,23350,0.5543421489957742
3790000000,1593,469,469,3536416,1125,995,42270,23450,0.5547669742133902
3800000000,1596,470,469,3536416,1127,996,42286,23450,0.5545570638036229
3810000000,1600,471,471,3548037,1130,999,42434,23550,0.5549794975727012
3820000000,1605,473,472,3545836,1133,1002,42532,23600,0.554876328411549
3830000000,1611,475,474,3541462,1137,1006,42696,23700,0.5550871275997752
3840000000,1615,476,476,3537124,1140,1009,42844,23800,0.5555036877975913
3850000000,1619,477,476,3537124,1143,1011,42926,23800,0.5544425290034012
3860000000,1623,478,478,3532824,1146,1014,43074,23900,0.554859079723267
3870000000,1625,478,478,3532824,1148,1015,43140,23900,0.5540101993509504
3880000000,1630,479,479,3530687,1152,1018,43288,23950,0.5532711143965995
3890000000,1635,481,480,3528558,1155,1021,43386,24000,0.5531738348776103
3900000000,1640,482,482,3524329,1158,1025,43550,24100,0.5533869115958668
3910000000,1645,484,484,3520134,1162,1028,43698,24200,0.5538010892947046
3920000000,1650,486,485,3518050,1165,1031,43796,24250,0.553703534569367
3930000000,1655,487,487,3513907,1168,1035,43960,24350,0.5539126478616925
3940000000,1660,489,489,3509797,1172,1038,44108,24450,0.554321211571597
3950000000,1665,491,490,3507755,1175,1041,44206,24500,0.5542234085870696
3960000000,1670,492,492,3503696,1178,1045,44370,24600,0.5544286680189318
3970000000,1675,494,494,3499670,1182,1048,44518,24700,0.5548317534480435
3980000000,1677,495,494,3499670,1183,1049,44534,24700,0.5546324156824
3990000000,1682,496,496,3510853,1187,1052,44682,24800,0.5550333467615595
4000000000,1685,496,496,3510853,1189,1054,44764,24800,0.554016620498615
4010000000,1690,498,498,3506830,1193,1057,44912,24900,0.5544175276095475
4020000000,1694,499,499,3504831,1196,1059,44994,24950,0.5545183802284749
4030000000,1698,500,500,3502839,1199,1062,45142,25000,0.553807983695893
4040000000,1703,502,501,3500856,1202,1065,45240,25050,0.5537135278514589
4050000000,1707,503,503,3496913,1205,1068,45388,25150,0.5541112188243589
4060000000,1711,504,503,3496913,1208,1070,45470,25150,0.5531119419397404
4070000000,1714,505,504,3494953,1210,1072,45552,25200,0.553213909378293
4080000000,1719,506,506,3505934,1214,1075,45700,25300,0.5536105032822757
4090000000,1724,508,507,3503968,1217,1078,45798,25350,0.553517620856806
4100000000,1729,509,509,3500059,1220,1082,45962,25450,0.5537182890213654
4110000000,1731,510,509,3500059,1222,1082,45962,25450,0.5537182890213654
4120000000,1736,511,511,3510912,1225,1086,46126,25550,0.5539175302432467
4130000000,1741,513,513,3507007,1229,1089,46274,25650,0.5543069542291568
4140000000,1746,515,514,3505065,1232,1092,46372,25700,0.5542137496765289
4150000000,1748,515,515,3517748,1234,1093,46438,25750,0.5545027778974116
4160000000,1753,517,516,3515794,1237,1096,46536,25800,0.55440948942754
4170000000,1756,517,517,3513847,1240,1098,46668,25850,0.5539127453501329
4180000000,1761,519,518,3511907,1243,1101,46766,25900,0.5538211521190609
4190000000,1765,520,520,3508051,1246,1104,46914,26000,0.5542055676343949
4200000000,1769,521,520,3508051,1249,1106,46996,26000,0.5532385734956167
4210000000,1774,522,522,3504224,1252,1110,47160,26100,0.5534351145038168
4220000000,1778,524,523,3502321,1255,1112,47242,26150,0.5535328732907159
4230000000,1782,525,524,3514792,1258,1114,47324,26200,0.5536302932972699
4240000000,1786,526,526,3510968,1261,1117,47472,26300,0.5540107853050219
4250000000,1791,528,527,3509067,1264,1120,47570,26350,0.553920538154299
4260000000,1794,528,528,3507173,1267,1122,47702,26400,0.5534359146367028
4270000000,1800,530,530,3503408,1271,1126,47866,26500,0.5536288806250783
4280000000,1802,530,530,3503408,1273,1127,47932,26500,0.5528665609613619
4290000000,1806,531,530,3503408,1276,1129,48014,26500,0.551922355979506
4300000000,1812,533,532,3499670,1280,1133,48178,26600,0.5521192245423222
4310000000,1816,534,534,3495960,1283,1136,48326,26700,0.5524976203286016
4320000000,1820,535,534,3495960,1286,1138,48408,26700,0.5515617253346554
4330000000,1824,536,536,3492278,1289,1141,48556,26800,0.551940028008897
4340000000,1827,537,536,3492278,1291,1142,48572,26800,0.5517582146092399
4350000000,1832,538,538,3502616,1294,1146,48736,26900,0.5519533814839134
4360000000,1837,540,540,3498936,1298,1149,48884,27000,0.5523279600687342
4370000000,1842,542,541,3497107,1301,1152,48982,27050,0.5522436813523335
4380000000,1847,543,543,3493468,1304,1156,49146,27150,0.5524356000488341
4390000000,1852,545,545,3489856,1308,1159,49294,27250,0.5528056152878646
4400000000,1857,547,546,3488060,1311,1162,49392,27300,0.5527210884353742
4410000000,1861,548,548,3484488,1314,1165,49540,27400,0.5530884134033105
4420000000,1865,549,548,3484488,1317,1167,49622,27400,0.5521744387570029
4430000000,1868,549,549,3482711,1320,1169,49754,27450,0.5517144350202998
4440000000,1871,550,549,3482711,1322,1170,49770,27450,0.5515370705244123
4450000000,1875,551,551,3492839,1325,1173,49918,27550,0.5519051244040226
4460000000,1880,553,552,3491057,1328,1176,50016,27600,0.5518234165067178
4470000000,1883,554,553,3489282,1330,1178,50098,27650,0.5519182402491117
4480000000,1885,554,553,3489282,1332,1178,50098,27650,0.5519182402491117
4490000000,1889,555,555,3512876,1335,1181,50246,27750,0.5522827687776142
4500000000,1894,557,556,3511071,1338,1184,50344,27800,0.5522008580962975
4510000000,1900,559,558,3507480,1342,1188,50508,27900,0.5523877405559515
4520000000,1904,560,560,3503915,1345,1191,50656,28000,0.5527479469361971
4530000000,1909,562,561,3502142,1348,1194,50754,28050,0.552665799739922
4540000000,1915,564,563,3498614,1352,1198,50918,28150,0.55284967987745
4550000000,1919,565,565,3495112,1355,1201,51066,28250,0.5532056554263111
4560000000,1924,567,566,3493370,1358,1204,51164,28300,0.5531232898131498
4570000000,1926,567,567,3504910,1360,1205,51230,28350,0.5533866874878001
4580000000,1932,569,569,3501411,1364,1209,51394,28450,0.5535665641903724
4590000000,1934,569,569,3501411,1366,1210,51460,28450,0.5528565876408861
4600000000,1938,570,569,3501411,1369,1212,51542,28450,0.5519770284428234
4610000000,1942,571,571,3497935,1372,1215,51690,28550,0.5523312052621396
4620000000,1946,572,571,3497935,1375,1217,51772,28550,0.5514563856911071
4630000000,1948,572,572,3509367,1377,1218,51838,28600,0.5517188163123578
4640000000,1951,573,572,3509367,1379,1219,51854,28600,0.5515485787017395
4650000000,1954,574,573,3520758,1381,1221,51936,28650,0.5516404805914972
4660000000,1958,575,574,3532110,1384,1223,52018,28700,0.5517320927371294
4670000000,1963,576,576,3528558,1387,1227,52182,28800,0.5519144532597448
4680000000,1968,578,578,3525031,1391,1230,52330,28900,0.5522644754442958
4690000000,1973,580,579,3523277,1394,1233,52428,28950,0.5521858548867018
4700000000,1975,580,580,3534507,1396,1234,52494,29000,0.5524440888482494
4710000000,1980,582,581,3532742,1399,1237,52592,29050,0.5523653787648312
4720000000,1981,582,581,3532742,1400,1237,52592,29050,0.5523653787648312
4730000000,1983,582,582,3556851,1402,1238,52658,29100,0.5526225834631016
4740000000,1987,583,582,3556851,1405,1240,52740,29100,0.5517633674630261
4750000000,1991,584,583,3567966,1408,1242,52822,29150,0.5518533944189921
4760000000,1993,584,584,3579043,1410,1243,52888,29200,0.5521101194978066
4770000000,1995,584,584,3579043,1412,1244,52954,29200,0.551421988896023
4780000000,2001,586,586,3575391,1416,1248,53118,29300,0.5516020934523137
4790000000,2006,588,587,3573575,1419,1251,53216,29350,0.5515258568851473
4800000000,2008,588,588,3584567,1421,1252,53282,29400,0.5517810892984497
4810000000,2012,589,589,3582741,1424,1254,53364,29450,0.5518701746495764
4820000000,2016,590,590,3580921,1427,1257,53512,29500,0.5512782179698011
4830000000,2021,592,591,3579108,1430,1260,53610,29550,0.5512031337437046
4840000000,2027,594,593,3575500,1434,1264,53774,29650,0.5513817086324246
4850000000,2030,594,594,3573705,1437,1266,53906,29700,0.550959076911661
4860000000,2035,596,595,3571915,1440,1269,54004,29750,0.5508851196207688
4870000000,2039,597,597,3568355,1443,1272,54152,29850,0.5512261781651647
4880000000,2045,599,599,3564819,1447,1276,54316,29950,0.5514029015391413
4890000000,2047,599,599,3564819,1449,1277,54382,29950,0.5507336986502887
4900000000,2051,600,599,3564819,1452,1279,54464,29950,0.5499045240893067
4910000000,2056,601,601,3561306,1455,1283,54628,30050,0.5500842059017353
4920000000,2061,603,603,3557817,1459,1286,54776,30150,0.5504235431575872
4930000000,2066,605,604,3556080,1462,1289,54874,30200,0.550351714837628
4940000000,2070,606,606,3552625,1465,1292,55022,30300,0.5506888153829377
4950000000,2074,607,607,3550906,1468,1294,55104,30350,0.5507767131242741
4960000000,2078,608,608,3549193,1471,1297,55252,30400,0.5502063273727648
4970000000,2082,609,608,3549193,1474,1299,55334,30400,0.5493909711931182
4980000000,2087,610,610,3545783,1477,1303,55498,30500,0.5495693538505892
4990000000,2092,612,612,3542396,1481,1306,55646,30600,0.5499047550587643
5000000000,2097,614,613,3540710,1484,1309,55744,30650,0.5498349598163031
5010000000,2103,616,615,3537356,1488,1313,55908,30750,0.5500107319167203
5020000000,2107,617,617,3534023,1491,1316,56056,30850,0.5503425146282289
5030000000,2112,619,618,3532365,1494,1319,56154,30900,0.5502724650069452
5040000000,2117,620,620,3529064,1497,1323,56318,31000,0.5504456834404631
5050000000,2120,621,621,3527422,1500,1324,56384,31050,0.5506881384790011
5060000000,2125,622,622,3525785,1503,1328,56548,31100,0.5499752422720521
5070000000,2130,624,624,3522527,1507,1331,56696,31200,0.5503033723719486
5080000000,2133,625,625,3520905,1509,1333,56778,31250,0.550389235267181
5090000000,2137,626,625,3520905,1512,1335,56860,31250,0.5495954977136828
5100000000,2141,627,626,3531314,1515,1337,56942,31300,0.549682132696428
5110000000,2145,628,628,3528059,1518,1340,57090,31400,0.5500087581012436
5120000000,2150,630,629,3526439,1521,1343,57188,31450,0.5499405469678954
5130000000,2155,631,631,3523215,1524,1347,57352,31550,0.5501115915748361
5140000000,2160,633,633,3520011,1528,1350,57500,31650,0.5504347826086956
5150000000,2165,635,634,3518417,1531,1353,57598,31700,0.5503663321643113
5160000000,2170,636,636,3515243,1534,1357,57762,31800,0.5505349537758388
5170000000,2175,638,638,3512090,1538,1360,57910,31900,0.5508547746503195
5180000000,2180,640,639,3510520,1541,1363,58008,31950,0.5507860984691767
5190000000,2186,642,641,3507396,1545,1367,58172,32050,0.5509523482087603
5200000000,2190,643,643,3504291,1548,1370,58320,32150,0.5512688614540466
5210000000,2195,645,644,3502746,1551,1373,58418,32200,0.5511999726111815
5220000000,2199,646,646,3499670,1554,1376,58566,32300,0.5515145306150326
5230000000,2202,646,646,3499670,1557,1377,58632,32300,0.5508937099194979
5240000000,2207,647,647,3498139,1560,1381,58796,32350,0.5502074971086468
5250000000,2212,649,649,3495092,1564,1384,58944,32450,0.5505225298588491
5260000000,2217,651,650,3493575,1567,1387,59042,32500,0.550455607872362
5270000000,2219,651,651,3503626,1569,1388,59108,32550,0.5506868782567503
5280000000,2224,653,652,3502101,1572,1391,59206,32600,0.5506198696078101
5290000000,2227,654,653,3500580,1574,1393,59288,32650,0.5507016596950479
5300000000,2231,655,654,3510574,1577,1395,59370,32700,0.5507832238504295
5310000000,2236,656,656,3507521,1580,1399,59534,32800,0.5509456780999092
5320000000,2241,658,658,3504487,1584,1402,59682,32900,0.5512549847525217
5330000000,2246,660,659,3502976,1587,1405,59780,32950,0.5511876881900301
5340000000,2251,661,661,3499970,1590,1409,59944,33050,0.5513479247297478
5350000000,2255,663,662,3498473,1593,1411,60026,33100,0.5514277146569819
5360000000,2258,663,663,3508335,1595,1413,60108,33150,0.5515072868836095
5370000000,2263,665,665,3505330,1599,1416,60256,33250,0.5518122676579925
5380000000,2268,667,666,3503834,1602,1419,60354,33300,0.551744706233224
5390000000,2270,667,667,3513628,1604,1420,60420,33350,0.5519695465077789
5400000000,2275,669,668,3512125,1607,1423,60518,33400,0.5519019134802868
5410000000,2277,669,669,3521878,1609,1424,60584,33450,0.552125973854483
5420000000,2283,671,671,3518859,1613,1428,60748,33550,0.5522815565944558
5430000000,2286,672,672,3517357,1615,1430,60830,33600,0.5523590333716916
5440000000,2288,672,672,3517357,1617,1430,60830,33600,0.5523590333716916
5450000000,2293,673,673,3515859,1620,1434,60994,33650,0.551693609207463
5460000000,2298,675,675,3512876,1624,1437,61142,33750,0.5519937195381244
5470000000,2303,677,676,3511391,1627,1440,61240,33800,0.5519268451992162
5480000000,2308,678,678,3508435,1630,1444,61404,33900,0.5520812976353332
5490000000,2312,680,679,3506963,1633,1446,61486,33950,0.5521582148781836
5500000000,2315,680,680,3516566,1635,1448,61568,34000,0.5522349272349273
5510000000,2320,682,682,3513612,1639,1451,61716,34100,0.5525309482144014
5520000000,2323,683,682,3513612,1641,1452,61732,34100,0.5523877405559515
5530000000,2327,684,684,3521680,1644,1455,61880,34200,0.552682611506141
5540000000,2330,685,684,3521680,1646,1456,61896,34200,0.5525397440868554
5550000000,2333,685,685,3531191,1649,1458,62028,34250,0.5521699877474688
5560000000,2338,687,686,3529701,1652,1461,62126,34300,0.5521037890738177
5570000000,2343,688,688,3526735,1655,1465,62290,34400,0.5522555787445818
5580000000,2348,690,690,3523786,1659,1468,62438,34500,0.5525481277427208
5590000000,2351,691,690,3523786,1661,1469,62454,34500,0.55240657123643
5600000000,2353,691,691,3544105,1663,1470,62520,34550,0.5526231605886116
5610000000,2356,692,692,3542609,1665,1472,62602,34600,0.5526979968691096
5620000000,2361,693,693,3541118,1669,1475,62750,34650,0.552191235059761
5630000000,2364,693,693,3541118,1671,1477,62832,34650,0.5514705882352942
5640000000,2369,695,695,3538148,1675,1480,62980,34750,0.5517624642743728
5650000000,2373,696,695,3538148,1678,1482,63062,34750,0.5510450033300561
5660000000,2377,697,697,3535196,1681,1485,63210,34850,0.5513368137952855
5670000000,2382,699,698,3533726,1684,1488,63308,34900,0.5512731408352814
5680000000,2384,699,699,3543029,1686,1489,63374,34950,0.5514879919209771
5690000000,2390,701,701,3540080,1690,1493,63538,35050,0.5516383896251063
5700000000,2395,703,702,3538611,1693,1496,63636,35100,0.5515745804261739
5710000000,2399,704,704,3535687,1696,1499,63784,35200,0.5518625360591998
5720000000,2405,706,706,3532779,1700,1503,63948,35300,0.5520110089447676
5730000000,2410,708,707,3531331,1703,1506,64046,35350,0.5519470380663898
5740000000,2414,709,709,3528448,1706,1509,64194,35450,0.552232295853195
5750000000,2420,711,711,3525581,1710,1513,64358,35550,0.5523788806364399
5760000000,2423,711,711,3525581,1712,1515,64440,35550,0.5516759776536313
5770000000,2428,713,713,3522730,1716,1518,64588,35650,0.5519601164302966
5780000000,2430,714,713,3522730,1717,1519,64604,35650,0.5518234165067178
5790000000,2432,714,713,3522730,1719,1519,64604,35650,0.5518234165067178
5800000000,2434,714,714,3552939,1721,1520,64670,35700,0.5520334003401887
5810000000,2439,716,715,3551479,1724,1523,64768,35750,0.5519701086956522
5820000000,2442,717,716,3550023,1726,1525,64850,35800,0.5520431765612953
5830000000,2447,718,718,3557608,1730,1528,64998,35900,0.5523246869134435
5840000000,2450,718,718,3557608,1732,1530,65080,35900,0.5516287645974186
5850000000,2455,720,720,3554696,1736,1533,65228,36000,0.5519102226037897
5860000000,2460,722,721,3553246,1739,1536,65326,36050,0.5518476563695925
5870000000,2465,723,723,3550358,1742,1540,65490,36150,0.5519926706367384
5880000000,2467,724,723,3550358,1744,1540,65490,36150,0.5519926706367384
5890000000,2473,726,725,3557868,1748,1544,65654,36250,0.5521369604289152
5900000000,2477,727,727,3554983,1751,1547,65802,36350,0.5524148202182304
5910000000,2482,729,728,3553547,1754,1550,65900,36400,0.5523520485584219
5920000000,2486,730,730,3550686,1757,1553,66048,36500,0.5526283914728682
5930000000,2490,731,730,3550686,1760,1555,66130,36500,0.5519431422954786
5940000000,2493,731,731,3559558,1762,1557,66212,36550,0.5520147405304174
5950000000,2498,733,733,3556693,1766,1560,66360,36650,0.5522905364677516
5960000000,2503,735,734,3555265,1769,1563,66458,36700,0.552228475127148
5970000000,2506,736,735,3553842,1771,1565,66540,36750,0.5522993688007214
5980000000,2510,737,736,3562650,1774,1567,66622,36800,0.5523700879589325
5990000000,2513,737,737,3561221,1777,1569,66754,36850,0.5520268448332685
6000000000,2519,739,739,3558374,1781,1573,66918,36950,0.5521683254131923
6010000000,2521,739,739,3558374,1783,1574,66984,36950,0.5516242684820255
6020000000,2525,740,739,3558374,1786,1576,67066,36950,0.5509498106343005
6030000000,2529,741,741,3555542,1789,1579,67214,37050,0.5512244472877674
6040000000,2533,742,741,3555542,1792,1581,67296,37050,0.5505527817403709
6050000000,2538,743,743,3552726,1795,1585,67460,37150,0.5506967091609842
6060000000,2543,745,745,3549924,1799,1588,67608,37250,0.5509702993728552
6070000000,2548,747,746,3548529,1802,1591,67706,37300,0.5509112929430183
6080000000,2550,747,747,3557215,1804,1592,67772,37350,0.5511125538570502
6090000000,2554,748,748,3555814,1807,1594,67854,37400,0.5511834232322339
6100000000,2558,749,749,3554416,1810,1597,68002,37450,0.5507190964971619
6110000000,2563,751,750,3553023,1813,1600,68100,37500,0.5506607929515418
6120000000,2569,753,752,3550247,1817,1604,68264,37600,0.5508027657330364
6130000000,2573,754,754,3547485,1820,1607,68412,37700,0.5510729111851722
6140000000,2576,755,754,3547485,1822,1608,68428,37700,0.5509440579879581
6150000000,2578,755,755,3566051,1824,1609,68494,37750,0.5511431658247438
6160000000,2583,757,756,3564653,1827,1612,68592,37800,0.5510846745976207
6170000000,2588,758,758,3561868,1830,1616,68756,37900,0.5512246203967653
6180000000,2593,760,760,3559098,1834,1619,68904,38000,0.5514919308022757
6190000000,2598,762,761,3557718,1837,1622,69002,38050,0.5514332917886438
6200000000,2601,762,762,3556342,1840,1624,69134,38100,0.5511036537738305
6210000000,2606,764,763,3554970,1843,1627,69232,38150,0.5510457591865033
6220000000,2608,764,764,3563454,1845,1628,69298,38200,0.5512424600998586
6230000000,2613,766,765,3562076,1848,1631,69396,38250,0.551184506311603
6240000000,2618,767,767,3559330,1851,1635,69560,38350,0.5513225991949396
6250000000,2620,768,767,3559330,1853,1635,69560,38350,0.5513225991949396
6260000000,2626,770,769,3566388,1857,1639,69724,38450,0.5514600424531008
6270000000,2630,771,771,3563645,1860,1642,69872,38550,0.5517231509045111
6280000000,2635,773,772,3562280,1863,1645,69970,38600,0.551664999285408
6290000000,2641,775,774,3559558,1867,1649,70134,38700,0.5518008383950723
6300000000,2645,776,776,3556851,1870,1652,70282,38800,0.5520616943171793
6310000000,2650,778,777,3555503,1873,1655,70380,38850,0.552003410059676
6320000000,2656,780,779,3552817,1877,1659,70544,38950,0.5521376729417101
6330000000,2660,781,781,3550144,1880,1662,70692,39050,0.5523963107565213
6340000000,2666,783,783,3547485,1884,1666,70856,39150,0.5525290730495653
6350000000,2671,785,784,3546161,1887,1669,70954,39200,0.5524706147644953
6360000000,2673,785,785,3554429,1889,1670,71020,39250,0.5526612221909322
6370000000,2678,787,786,3553100,1892,1673,71118,39300,0.5526027166118282
6380000000,2682,788,788,3550450,1895,1676,71266,39400,0.5528583055033256
6390000000,2688,790,790,3547814,1899,1680,71430,39500,0.5529889402211956
6400000000,2693,792,791,3546501,1902,1683,71528,39550,0.5529303209931775
6410000000,2698,793,793,3543885,1905,1687,71692,39650,0.5530603135635775
6420000000,2703,795,795,3541282,1909,1690,71840,39750,0.5533129175946548
6430000000,2708,797,796,3539985,1912,1693,71938,39800,0.5532541911090105
6440000000,2712,798,798,3537402,1915,1696,72086,39900,0.5535055350553506
6450000000,2718,800,800,3534831,1919,1700,72250,40000,0.5536332179930796
6460000000,2720,801,800,3534831,1920,1701,72266,40000,0.5535106412420778
6470000000,2725,802,802,3541660,1924,1704,72414,40100,0.5537603225895545
6480000000,2730,804,803,3540374,1927,1707,72512,40150,0.5537014563106796
6490000000,2733,805,804,3539091,1929,1709,72594,40200,0.5537647739482602
6500000000,2737,806,805,3547163,1932,1711,72676,40250,0.5538279487038362
6510000000,2743,808,807,3544591,1936,1715,72840,40350,0.5539538714991763
6520000000,2747,809,809,3542031,1939,1718,72988,40450,0.5542006905244697
6530000000,2752,811,810,3540756,1942,1721,73086,40500,0.5541416960840654
6540000000,2757,812,812,3538215,1945,1725,73250,40600,0.5542662116040956
6550000000,2762,814,814,3535687,1949,1728,73398,40700,0.5545110220986947
6560000000,2767,816,815,3534427,1952,1731,73496,40750,0.5544519429628824
6570000000,2772,817,817,3531918,1955,1735,73660,40850,0.5545750746673908
6580000000,2777,819,819,3529420,1959,1738,73808,40950,0.5548179059180577
6590000000,2782,821,820,3528176,1962,1741,73906,41000,0.5547587475983006
6600000000,2784,821,821,3526935,1964,1742,73972,41050,0.5549397069161305
6610000000,2785,821,821,3526935,1965,1742,73972,41050,0.5549397069161305
6620000000,2787,821,821,3526935,1967,1742,73972,41050,0.5549397069161305
6630000000,2791,822,822,3525697,1970,1745,74120,41100,0.5545062061521856
6640000000,2797,824,824,3523229,1974,1749,74284,41200,0.5546281837273168
6650000000,2802,826,825,3522000,1977,1752,74382,41250,0.554569653948536
6660000000,2807,827,827,3519551,1980,1756,74546,41350,0.5546910632361227
6670000000,2812,829,829,3517114,1984,1759,74694,41450,0.5549307842664739
6680000000,2814,830,829,3517114,1985,1760,74710,41450,0.5548119394993977
6690000000,2819,831,831,3523746,1989,1763,74858,41550,0.5550508963637821
6700000000,2824,833,832,3522527,1992,1766,74956,41600,0.5549922621271146
6710000000,2829,834,834,3520097,1995,1770,75120,41700,0.555111821086262
6720000000,2834,836,836,3517678,1999,1773,75268,41800,0.555348886645055
6730000000,2839,838,837,3516473,2002,1776,75366,41850,0.5552901839025556
6740000000,2844,839,839,3514072,2005,1780,75530,41950,0.555408446974712
6750000000,2849,841,841,3511683,2009,1783,75678,42050,0.5556436480879516
6760000000,2851,842,841,3511683,2010,1784,75694,42050,0.5555261975850133
6770000000,2856,843,843,3518234,2014,1787,75842,42150,0.5557606603201393
6780000000,2860,844,844,3517038,2017,1789,75924,42200,0.5558189768716084
6790000000,2864,845,845,3515846,2020,1792,76072,42250,0.5553948890524766
6800000000,2869,847,846,3514656,2023,1795,76170,42300,0.5553367467506892
6810000000,2871,847,847,3522356,2025,1796,76236,42350,0.5555118316805708
6820000000,2875,848,847,3522356,2028,1798,76318,42350,0.5549149610838858
6830000000,2879,849,849,3519969,2031,1801,76466,42450,0.5551486935369968
6840000000,2882,850,849,3519969,2033,1802,76482,42450,0.5550325566800032
6850000000,2887,851,851,3526439,2036,1806,76646,42550,0.5551496490358271
6860000000,2889,852,851,3526439,2038,1806,76646,42550,0.5551496490358271
6870000000,2891,852,852,3542916,2040,1807,76712,42600,0.555323808530608
6880000000,2895,853,852,3542916,2043,1809,76794,42600,0.5547308383467459
6890000000,2898,853,853,3541704,2046,1811,76926,42650,0.5544289317005954
6900000000,2903,855,854,3540495,2049,1814,77024,42700,0.5543726630660574
6910000000,2906,856,855,3539288,2051,1816,77106,42750,0.5544315617461676
6920000000,2908,856,855,3539288,2053,1816,77106,42750,0.5544315617461676
6930000000,2912,857,857,3554452,2056,1819,77254,42850,0.5546638361767675
6940000000,2918,859,859,3552018,2060,1823,77418,42950,0.5547805419928182
6950000000,2923,861,860,3550805,2063,1826,77516,43000,0.5547241859745085
6960000000,2925,861,861,3558338,2065,1827,77582,43050,0.5548967544017942
6970000000,2929,862,862,3557121,2068,1829,77664,43100,0.5549546765554182
6980000000,2932,863,862,3557121,2070,1831,77746,43100,0.5543693566228488
6990000000,2936,864,863,3564630,2073,1833,77828,43150,0.5544277123914273
7000000000,2940,865,865,3562189,2076,1836,77976,43250,0.5546578434390069
7010000000,2946,867,867,3559760,2080,1840,78140,43350,0.5547734834911697
7020000000,2949,868,868,3558550,2082,1842,78222,43400,0.5548311216793229
7030000000,2954,869,869,3557342,2086,1845,78370,43450,0.5544213346943984
7040000000,2959,871,870,3556138,2089,1848,78468,43500,0.5543661110261507
7050000000,2961,871,871,3563578,2091,1849,78534,43550,0.554536888481422
7060000000,2966,873,872,3562369,2094,1852,78632,43600,0.5544816359751755
7070000000,2969,873,873,3561163,2097,1854,78764,43650,0.5541871921182266
7080000000,2972,874,873,3561163,2099,1855,78780,43650,0.554074638233054
7090000000,2975,875,874,3568572,2101,1857,78862,43700,0.5541325353148538
7100000000,2979,876,875,3575964,2104,1859,78944,43750,0.5541903121199838
7110000000,2983,877,877,3573531,2107,1862,79092,43850,0.5544176402164568
7120000000,2989,879,879,3571109,2111,1866,79256,43950,0.5545321489855658
7130000000,2994,881,880,3569903,2114,1869,79354,44000,0.5544774050457444
7140000000,2998,882,882,3567498,2117,1872,79502,44100,0.5547030263389601
7150000000,3001,883,882,3567498,2119,1873,79518,44100,0.5545914132649211
7160000000,3005,884,884,3573619,2122,1876,79666,44200,0.5548163582958853
7170000000,3009,885,884,3573619,2125,1878,79748,44200,0.5542458745046898
7180000000,3014,886,886,3571216,2128,1882,79912,44300,0.5543597957753529
7190000000,3016,887,886,3571216,2130,1882,79912,44300,0.5543597957753529
7200000000,3022,889,888,3577301,2134,1886,80076,44400,0.5544732504121085
7210000000,3025,889,889,3576099,2137,1888,80208,44450,0.5541841212846599
7220000000,3030,891,890,3574901,2140,1891,80306,44500,0.55413045102483
7230000000,3035,892,892,3572511,2143,1895,80470,44600,0.5542438175717659
7240000000,3037,893,892,3572511,2145,1895,80470,44600,0.5542438175717659
7250000000,3042,894,894,3578552,2148,1899,80634,44700,0.5543567229704591
7260000000,3047,896,896,3576166,2152,1902,80782,44800,0.5545789903691416
7270000000,3050,897,897,3574976,2154,1904,80864,44850,0.5546349426197071
7280000000,3052,897,897,3574976,2156,1904,80864,44850,0.5546349426197071
7290000000,3055,897,897,3574976,2159,1906,80996,44850,0.5537310484468368
7300000000,3058,898,897,3574976,2161,1907,81012,44850,0.5536216856761961
7310000000,3063,899,899,3580978,2164,1911,81176,44950,0.5537350941164876
7320000000,3068,901,901,3578599,2168,1914,81324,45050,0.5539570114603315
7330000000,3073,903,902,3577414,2171,1917,81422,45100,0.5539043501756282
7340000000,3074,903,902,3577414,2172,1917,81422,45100,0.5539043501756282
7350000000,3075,903,902,3577414,2173,1917,81422,45100,0.5539043501756282
7360000000,3080,904,904,3600031,2177,1920,81570,45200,0.5541252911609661
7370000000,3085,906,905,3598826,2180,1923,81668,45250,0.5540725865700152
7380000000,3086,906,905,3598826,2181,1923,81668,45250,0.5540725865700152
7390000000,3087,906,905,3598826,2182,1923,81668,45250,0.5540725865700152
7400000000,3089,906,905,3598826,2184,1923,81668,45250,0.5540725865700152
7410000000,3093,907,907,3629620,2187,1926,81816,45350,0.5542925589126821
7420000000,3098,909,908,3628387,2190,1929,81914,45400,0.5542398124862661
7430000000,3104,911,910,3625927,2194,1933,82078,45500,0.5543507395404371
7440000000,3108,912,912,3623478,2197,1936,82226,45600,0.5545691143920415
7450000000,3112,913,913,3622257,2200,1938,82308,45650,0.5546240948631967
7460000000,3117,914,914,3621040,2203,1942,82472,45700,0.554127461441459
7470000000,3122,916,916,3618612,2207,1945,82620,45800,0.5543451948680707
7480000000,3127,918,917,3617402,2210,1948,82718,45850,0.5542928987644768
7490000000,3132,919,919,3614990,2213,1952,82882,45950,0.5544026447238243
7500000000,3137,921,921,3612589,2217,1955,83030,46050,0.5546188124774178
7510000000,3140,921,921,3612589,2219,1957,83112,46050,0.5540716142073346
7520000000,3145,923,923,3610198,2223,1960,83260,46150,0.5542877732404516
7530000000,3150,925,924,3609007,2226,1963,83358,46200,0.5542359461599367
7540000000,3153,926,925,3607818,2228,1965,83440,46250,0.5542905081495686
7550000000,3158,927,927,3613568,2232,1968,83588,46350,0.5545054314016366
7560000000,3163,929,928,3612378,2235,1971,83686,46400,0.5544535525655426
7570000000,3167,930,930,3610005,2238,1974,83834,46500,0.5546675573156475
7580000000,3170,931,930,3610005,2240,1975,83850,46500,0.554561717352415
7590000000,3174,932,932,3615720,2243,1978,83998,46600,0.5547751136931832
7600000000,3180,934,934,3613351,2247,1982,84162,46700,0.5548822508970794
7610000000,3185,936,935,3612170,2250,1985,84260,46750,0.5548302872062664
7620000000,3188,937,936,3610991,2252,1987,84342,46800,0.5548836878423561
7630000000,3190,937,937,3617849,2254,1988,84408,46850,0.5550421760970524
7640000000,3195,938,938,3616667,2258,1991,84556,46900,0.5546619991484933
7650000000,3200,940,939,3615488,2261,1994,84654,46950,0.5546105322843575
7660000000,3203,941,940,3614311,2263,1996,84736,47000,0.5546638972809668
7670000000,3207,942,941,3621136,2266,1998,84818,47050,0.5547171590935887
7680000000,3212,943,943,3618778,2269,2002,84982,47150,0.5548233743616295
7690000000,3217,945,945,3616429,2273,2005,85130,47250,0.5550334782097968
7700000000,3222,947,946,3615259,2276,2008,85228,47300,0.554981930820857
7710000000,3227,948,948,3612925,2279,2012,85392,47400,0.5550871275997752
7720000000,3232,950,950,3610602,2283,2015,85540,47500,0.5552957680617255
7730000000,3235,950,950,3610602,2285,2017,85622,47500,0.5547639625329939
7740000000,3240,952,952,3608288,2289,2020,85770,47600,0.5549726011425906
7750000000,3245,954,953,3607135,2292,2023,85868,47650,0.5549215074300089
7760000000,3250,955,955,3604835,2295,2027,86032,47750,0.5550260368235075
7770000000,3255,957,957,3602546,2299,2030,86180,47850,0.5552332327686238
7780000000,3258,958,957,3602546,2301,2031,86196,47850,0.5551301684532925
7790000000,3260,958,958,3609262,2303,2032,86262,47900,0.5552850617885048
7800000000,3264,959,959,3608115,2306,2035,86410,47950,0.5549126258534892
7810000000,3268,960,959,3608115,2309,2037,86492,47950,0.5543865328585302
7820000000,3271,960,960,3614811,2311,2039,86574,48000,0.5544389770600874
7830000000,3276,962,962,3612513,2315,2042,86722,48100,0.5546458799381933
7840000000,3281,964,963,3611367,2318,2045,86820,48150,0.5545957152729786
7850000000,3286,965,965,3609083,2321,2049,86984,48250,0.5546997148900947
7860000000,3290,967,966,3607944,2324,2051,87066,48300,0.5547515677761699
7870000000,3293,967,967,3614592,2326,2053,87148,48350,0.5548033230825722
7880000000,3298,969,969,3612311,2330,2056,87296,48450,0.5550082478005866
7890000000,3303,971,970,3611174,2333,2059,87394,48500,0.5549580062704533
7900000000,3307,972,972,3608906,2336,2062,87542,48600,0.5551620936236321
7910000000,3313,974,974,3606648,2340,2066,87706,48700,0.5552641780493923
7920000000,3318,976,975,3605523,2343,2069,87804,48750,0.5552138854721881
7930000000,3322,977,977,3603278,2346,2072,87952,48850,0.5554165908677461
7940000000,3327,979,978,3602160,2349,2075,88050,48900,0.555366269165247
7950000000,3330,979,979,3601043,2352,2077,88182,48950,0.5551019482434056
7960000000,3336,981,981,3598817,2356,2081,88346,49050,0.5552034047947841
7970000000,3341,983,982,3597708,2359,2084,88444,49100,0.5551535434851431
7980000000,3344,983,983,3596600,2362,2086,88576,49150,0.5548907153179191
7990000000,3347,984,984,3595495,2364,2088,88658,49200,0.554941460443502
8000000000,3352,985,985,3594392,2368,2091,88806,49250,0.5545796455194468
8010000000,3355,986,985,3594392,2370,2092,88822,49250,0.5544797460088716
8020000000,3358,987,986,3600926,2372,2094,88904,49300,0.5545307297759381
8030000000,3362,988,987,3607447,2375,2096,88986,49350,0.5545816195806081
8040000000,3364,988,988,3613954,2377,2097,89052,49400,0.5547320666576832
8050000000,3366,989,988,3613954,2378,2098,89068,49400,0.5546324156824
8060000000,3369,989,989,3620448,2381,2099,89134,49450,0.5547826867413108
8070000000,3375,991,990,3619326,2385,2103,89298,49500,0.5543237250554324
8080000000,3379,992,992,3617088,2388,2106,89446,49600,0.5545245175860296
8090000000,3384,994,993,3615972,2391,2109,89544,49650,0.5544760117930849
8100000000,3390,996,995,3613747,2395,2113,89708,49750,0.5545770722789495
8110000000,3394,997,997,3611532,2398,2116,89856,49850,0.5547765313390314
8120000000,3399,999,998,3610427,2401,2119,89954,49900,0.5547279720746159
8130000000,3401,999,999,3616860,2403,2120,90020,49950,0.5548766940679849
8140000000,3407,1001,1001,3614647,2407,2124,90184,50050,0.5549764925042137
8150000000,3412,1003,1002,3613544,2410,2127,90282,50100,0.5549278926031768
8160000000,3416,1004,1004,3611344,2413,2130,90430,50200,0.5551255114453169
8170000000,3422,1006,1006,3609153,2417,2134,90594,50300,0.5552244077974259
8180000000,3427,1008,1007,3608060,2420,2137,90692,50350,0.5551757597141975
8190000000,3430,1008,1008,3606970,2423,2139,90824,50400,0.5549194045626706
8200000000,3435,1010,1009,3605882,2426,2142,90922,50450,0.5548712082884231
8210000000,3439,1011,1011,3603713,2429,2145,91070,50550,0.5550675304710662
8220000000,3442,1012,1011,3603713,2431,2146,91086,50550,0.5549700283248797
8230000000,3446,1013,1013,3608983,2434,2149,91234,50650,0.5551658372974987
8240000000,3449,1013,1013,3608983,2437,2150,91300,50650,0.5547645125958379
8250000000,3453,1014,1014,3607898,2440,2153,91448,50700,0.5544134371446068
8260000000,3458,1016,1015,3606816,2443,2156,91546,50750,0.5543661110261507
8270000000,3461,1016,1016,3605735,2446,2158,91678,50800,0.5541133096271734
8280000000,3467,1018,1018,3603581,2450,2162,91842,50900,0.5542126695847216
8290000000,3472,1020,1019,3602507,2453,2165,91940,50950,0.5541657602784424
8300000000,3476,1021,1021,3600365,2456,2168,92088,51050,0.5543610459560421
8310000000,3479,1022,1021,3600365,2458,2169,92104,51050,0.5542647442022062
8320000000,3484,1023,1023,3605590,2461,2173,92268,51150,0.5543633762517882
8330000000,3489,1025,1025,3603451,2465,2176,92416,51250,0.5545576523545707
8340000000,3494,1027,1026,3602385,2468,2179,92514,51300,0.5545106686555549
8350000000,3496,1027,1027,3608650,2470,2180,92580,51350,0.5546554331389069
8360000000,3501,1029,1028,3607580,2473,2183,92678,51400,0.5546084291849198
8370000000,3505,1030,1030,3605448,2476,2186,92826,51500,0.5548014564884838
8380000000,3508,1030,1030,3605448,2479,2187,92892,51500,0.5544072686560737
8390000000,3510,1030,1030,3605448,2481,2188,92958,51500,0.554013640568859
8400000000,3513,1031,1031,3604384,2483,2190,93040,51550,0.5540627687016337
8410000000,3518,1032,1032,3603323,2487,2193,93188,51600,0.5537193630081126
8420000000,3523,1034,1033,3602264,2490,2196,93286,51650,0.5536736487790237
8430000000,3528,1035,1035,3600152,2493,2200,93450,51750,0.5537720706260032
8440000000,3532,1037,1036,3599099,2496,2202,93532,51800,0.5538211521190609
8450000000,3536,1038,1037,3605307,2499,2204,93614,51850,0.5538701476274916
8460000000,3540,1039,1039,3603197,2502,2207,93762,51950,0.5540624133444253
8470000000,3545,1041,1040,3602145,2505,2210,93860,52000,0.554016620498615
8480000000,3549,1042,1042,3600047,2508,2213,94008,52100,0.5542081524976598
8490000000,3554,1043,1043,3599001,2512,2216,94156,52150,0.5538680487701262
8500000000,3559,1045,1044,3597957,2515,2219,94254,52200,0.5538226494366287
8510000000,3563,1046,1046,3595876,2518,2222,94402,52300,0.5540136861507171
8520000000,3567,1047,1047,3594838,2521,2224,94484,52350,0.5540620634181449
8530000000,3572,1048,1048,3593802,2524,2228,94648,52400,0.5536302932972699
8540000000,3577,1050,1050,3591736,2528,2231,94796,52500,0.5538208363222077
8550000000,3582,1052,1051,3590706,2531,2234,94894,52550,0.5537757919362657
8560000000,3588,1054,1053,3588652,2535,2238,95058,52650,0.5538723726566938
8570000000,3592,1055,1055,3586605,2538,2241,95206,52750,0.5540617187992354
8580000000,3596,1056,1056,3585585,2541,2243,95288,52800,0.5541096465452103
8590000000,3599,1056,1056,3585585,2544,2245,95420,52800,0.5533431146510166
8600000000,3602,1056,1056,3585585,2546,2247,95502,52800,0.55286800276434
8610000000,3606,1058,1057,3584567,2549,2249,95584,52850,0.5529168061600268
8620000000,3610,1059,1058,3590665,2552,2251,95666,52900,0.5529655258921665
8630000000,3614,1060,1060,3588625,2555,2254,95814,53000,0.553155071283946
8640000000,3619,1062,1061,3587607,2558,2257,95912,53050,0.5531111852531487
8650000000,3625,1064,1063,3585578,2562,2261,96076,53150,0.553207877097298
8660000000,3629,1065,1065,3583557,2565,2264,96224,53250,0.5533962421017625
8670000000,3634,1067,1066,3582549,2568,2267,96322,53300,0.5533522975021283
8680000000,3635,1067,1066,3582549,2569,2267,96322,53300,0.5533522975021283
8690000000,3639,1068,1067,3595653,2572,2269,96404,53350,0.5534002738475582
8700000000,3644,1069,1069,3593620,2575,2273,96568,53450,0.5534959821058736
8710000000,3647,1070,1070,3592607,2578,2274,96634,53500,0.5536353664341743
8720000000,3652,1071,1071,3591595,2581,2278,96798,53550,0.553213909378293
8730000000,3654,1072,1071,3591595,2583,2278,96798,53550,0.553213909378293
8740000000,3660,1074,1073,3596593,2587,2282,96962,53650,0.5533095439450506
8750000000,3664,1075,1075,3594570,2590,2285,97110,53750,0.5534960354237463
8760000000,3669,1077,1076,3593561,2593,2288,97208,53800,0.5534523907497325
8770000000,3673,1078,1078,3591550,2596,2291,97356,53900,0.5536381938452689
8780000000,3678,1079,1079,3590547,2600,2294,97504,53950,0.5533106334099114
8790000000,3680,1080,1079,3590547,2601,2295,97520,53950,0.553219852337982
8800000000,3685,1081,1081,3595509,2605,2298,97668,54050,0.5534054142605561
8810000000,3690,1083,1082,3594505,2608,2301,97766,54100,0.5533621095268294
8820000000,3694,1084,1084,3592503,2611,2304,97914,54200,0.5535469902159037
8830000000,3698,1085,1085,3591505,2614,2306,97996,54250,0.5535940242458876
8840000000,3703,1086,1086,3590508,2617,2310,98160,54300,0.5531784841075794
8850000000,3707,1088,1087,3589513,2620,2312,98242,54350,0.5532257079456852
8860000000,3710,1088,1088,3595439,2622,2314,98324,54400,0.5532728530165575
8870000000,3715,1090,1090,3593446,2626,2317,98472,54500,0.5534568202128524
8880000000,3720,1092,1091,3592452,2629,2320,98570,54550,0.5534138175915593
8890000000,3722,1092,1092,3598353,2631,2321,98636,54600,0.5535504278356786
8900000000,3726,1093,1093,3597357,2634,2323,98718,54650,0.5535971150144857
8910000000,3731,1094,1094,3596362,2637,2327,98882,54700,0.5531846038712809
8920000000,3733,1095,1094,3596362,2639,2327,98882,54700,0.5531846038712809
8930000000,3735,1095,1095,3609118,2641,2328,98948,54750,0.5533209362493431
8940000000,3740,1097,1096,3608115,2644,2331,99046,54800,0.5532782747410294
8950000000,3746,1099,1098,3606113,2648,2335,99210,54900,0.553371635923798
8960000000,3748,1099,1099,3611965,2650,2336,99276,54950,0.553507393529151
8970000000,3753,1101,1100,3610962,2653,2339,99374,55000,0.5534646889528448
8980000000,3757,1102,1102,3608962,2656,2342,99522,55100,0.5536464299350897
8990000000,3761,1103,1103,3607965,2659,2344,99604,55150,0.5536926227862334
9000000000,3762,1103,1103,3607965,2660,2344,99604,55150,0.5536926227862334
9010000000,3763,1103,1103,3607965,2661,2344,99604,55150,0.5536926227862334
9020000000,3767,1104,1103,3607965,2664,2346,99686,55150,0.553237164697149
9030000000,3770,1104,1104,3606970,2667,2348,99818,55200,0.5530064717786372
9040000000,3776,1106,1106,3604985,2671,2352,99982,55300,0.5530995579204256
9050000000,3778,1107,1106,3604985,2672,2353,99998,55300,0.5530110602212044
9060000000,3783,1108,1108,3609801,2676,2356,100146,55400,0.5531923391847902
9070000000,3786,1108,1108,3609801,2678,2358,100228,55400,0.5527397533623338
9080000000,3791,1110,1110,3607818,2682,2361,100376,55500,0.5529210169761696
9090000000,3793,1111,1110,3607818,2683,2362,100392,55500,0.5528328950513985
9100000000,3798,1112,1112,3612611,2687,2365,100540,55600,0.5530137258802467
9110000000,3803,1114,1113,3611620,2690,2368,100638,55650,0.5529720383950396
9120000000,3806,1115,1114,3610630,2692,2370,100720,55700,0.5530182684670373
9130000000,3808,1115,1114,3610630,2694,2370,100720,55700,0.5530182684670373
9140000000,3812,1116,1116,3622147,2697,2373,100868,55800,0.5531982392830234
9150000000,3816,1117,1117,3621150,2700,2375,100950,55850,0.553244180287271
9160000000,3820,1118,1118,3620156,2703,2378,101098,55900,0.5529288413222814
9170000000,3823,1118,1118,3620156,2706,2379,101164,55900,0.5525681072318216
9180000000,3827,1119,1119,3619163,2709,2382,101312,55950,0.5522544219835754
9190000000,3832,1121,1120,3618172,2712,2385,101410,56000,0.5522137856227196
9200000000,3838,1123,1122,3616195,2716,2389,101574,56100,0.5523066926575698
9210000000,3841,1124,1123,3615209,2718,2391,101656,56150,0.5523530337609192
9220000000,3842,1124,1123,3615209,2719,2391,101656,56150,0.5523530337609192
9230000000,3845,1124,1124,3627619,2722,2392,101722,56200,0.5524861878453039
9240000000,3849,1125,1125,3626625,2725,2395,101870,56250,0.5521743398449004
9250000000,3854,1126,1126,3625633,2729,2398,102018,56300,0.5518633966554922
9260000000,3859,1128,1127,3624642,2732,2401,102116,56350,0.5518234165067178
9270000000,3863,1129,1129,3622666,2735,2404,102264,56450,0.5520026597825237
9280000000,3869,1131,1131,3620697,2739,2408,102428,56550,0.5520951302378256
9290000000,3872,1131,1131,3620697,2741,2410,102510,56550,0.5516534972197834
9300000000,3877,1133,1133,3618735,2745,2413,102658,56650,0.5518322975316098
9310000000,3882,1135,1134,3617757,2748,2416,102756,56700,0.5517925960527852
9320000000,3885,1136,1135,3616780,2750,2418,102838,56750,0.5518388144460219
9330000000,3889,1137,1136,3622432,2753,2420,102920,56800,0.5518849591916052
9340000000,3891,1137,1137,3628073,2755,2421,102986,56850,0.5520167789796672
9350000000,3896,1139,1138,3627090,2758,2424,103084,56900,0.5519770284428234
9360000000,3902,1141,1140,3625129,2762,2428,103248,57000,0.5520688052068805
9370000000,3904,1141,1141,3630748,2764,2429,103314,57050,0.5522000890489188
9380000000,3909,1143,1142,3629766,2767,2432,103412,57100,0.5521602908753336
9390000000,3913,1144,1144,3627807,2770,2435,103560,57200,0.552336809578988
9400000000,3916,1145,1144,3627807,2772,2436,103576,57200,0.5522514868309261
9410000000,3918,1145,1145,3639978,2774,2437,103642,57250,0.5523822388606935
9420000000,3923,1147,1146,3638992,2777,2440,103740,57300,0.5523423944476576
9430000000,3926,1147,1147,3638007,2780,2442,103872,57350,0.552121842267406
9440000000,3930,1148,1148,3637023,2783,2444,103954,57400,0.5521673047694172
9450000000,3933,1148,1148,3637023,2786,2446,104086,57400,0.5514670560882348
9460000000,3938,1150,1149,3636042,2789,2449,104184,57450,0.5514282423404745
9470000000,3942,1151,1151,3634084,2792,2452,104332,57550,0.5516044933481578
9480000000,3946,1152,1151,3634084,2795,2454,104414,57550,0.5511712988679679
9490000000,3950,1153,1153,3632133,2798,2457,104562,57650,0.5513475258698188
9500000000,3954,1154,1153,3632133,2801,2459,104644,57650,0.5509154848820764
9510000000,3956,1154,1154,3637683,2803,2460,104710,57700,0.5510457453920351
9520000000,3959,1155,1154,3637683,2805,2461,104726,57700,0.5509615568244753
9530000000,3963,1156,1156,3642242,2808,2464,104874,57800,0.5511375555428419
9540000000,3967,1157,1156,3642242,2811,2466,104956,57800,0.5507069629177941
9550000000,3971,1158,1158,3640285,2814,2469,105104,57900,0.5508829349977166
9560000000,3975,1159,1158,3640285,2817,2471,105186,57900,0.5504534824026011
9570000000,3980,1160,1160,3638335,2820,2475,105350,58000,0.550545799715235
9580000000,3985,1162,1162,3636391,2824,2478,105498,58100,0.550721340688923
9590000000,3990,1164,1163,3635422,2827,2481,105596,58150,0.5506837380203795
9600000000,3995,1165,1165,3633489,2830,2485,105760,58250,0.5507753403933434
9610000000,4000,1167,1167,3631562,2834,2488,105908,58350,0.5509498810288175
9620000000,4005,1169,1168,3630601,2837,2491,106006,58400,0.5509122125162726
9630000000,4008,1169,1169,3629642,2840,2493,106138,58450,0.5506981476945109
9640000000,4013,1171,1170,3628684,2843,2496,106236,58500,0.5506607929515418
9650000000,4016,1172,1171,3627728,2845,2498,106318,58550,0.5507063714516827
9660000000,4018,1172,1171,3627728,2847,2498,106318,58550,0.5507063714516827
9670000000,4020,1172,1172,3646042,2849,2499,106384,58600,0.5508347119867649
9680000000,4024,1173,1172,3646042,2852,2501,106466,58600,0.5504104596772679
9690000000,4027,1174,1173,3645073,2854,2503,106548,58650,0.5504561324473477
9700000000,4031,1175,1174,3650517,2857,2505,106630,58700,0.5505017349713964
9710000000,4035,1176,1176,3648576,2860,2508,106778,58800,0.5506752327258424
9720000000,4041,1178,1178,3646642,2864,2512,106942,58900,0.5507658356866338
9730000000,4046,1180,1179,3645677,2867,2515,107040,58950,0.5507286995515696
9740000000,4050,1181,1181,3643753,2870,2518,107188,59050,0.5509012202858529
9750000000,4051,1181,1181,3643753,2871,2518,107188,59050,0.5509012202858529
9760000000,4056,1182,1182,3642793,2875,2521,107336,59100,0.5506074383245136
9770000000,4061,1184,1183,3641834,2878,2524,107434,59150,0.5505705828694827
9780000000,4066,1185,1185,3639923,2881,2528,107598,59250,0.5506607929515418
9790000000,4069,1186,1186,3638969,2884,2529,107664,59300,0.5507876356070739
9800000000,4075,1188,1187,3638018,2888,2533,107828,59350,0.5504136216938087
9810000000,4079,1189,1189,3636119,2891,2536,107976,59450,0.5505853152552419
9820000000,4084,1191,1190,3635172,2894,2539,108074,59500,0.550548698114255
9830000000,4087,1191,1191,3634227,2897,2541,108206,59550,0.5503391678834815
9840000000,4093,1193,1193,3632341,2901,2545,108370,59650,0.5504290855402787
9850000000,4098,1195,1194,3631400,2904,2548,108468,59700,0.5503927425600177
9860000000,4102,1196,1196,3629523,2907,2551,108616,59800,0.5505634528982839
9870000000,4108,1198,1198,3627653,2911,2555,108780,59900,0.5506526935098364
9880000000,4113,1200,1199,3626720,2914,2558,108878,59950,0.5506162861184077
9890000000,4117,1201,1201,3624859,2917,2561,109026,60050,0.5507860510336984
9900000000,4120,1202,1201,3624859,2919,2562,109042,60050,0.5507052328460593
9910000000,4122,1202,1202,3636456,2921,2563,109108,60100,0.5508303699087143
9920000000,4127,1204,1203,3635519,2924,2566,109206,60150,0.5507939124223944
9930000000,4132,1205,1205,3633650,2927,2570,109370,60250,0.5508823260491909
9940000000,4137,1207,1207,3631786,2931,2573,109518,60350,0.5510509687905184
9950000000,4142,1209,1208,3630857,2934,2576,109616,60400,0.5510144504451905
9960000000,4144,1209,1209,3636156,2936,2577,109682,60450,0.551138746558232
9970000000,4147,1210,1209,3636156,2938,2578,109698,60450,0.5510583602253459
9980000000,4151,1211,1211,3640510,2941,2581,109846,60550,0.5512262622216558
9990000000,4157,1213,1213,3638645,2945,2585,110010,60650,0.5513135169530042
10000000000,4162,1215,1214,3637715,2948,2588,110108,60700,0.5512769281069495
